glom_feature_index,mean_abs_spearman_corr
0,0.08606116838906859
1,0.08623585938738007
2,0.06680178999656325
3,0.06939575176235166
4,0.08313008244714674
5,0.10613280363781184
6,0.07743365267040372
7,0.06446707317450351
8,0.08750222414627806
9,0.07729937381867814
10,0.0725937921120948
11,0.08841281646781557
12,0.08145160248602246
13,0.08790693689846851
14,0.10508154202381119
15,0.11241775661963242
16,0.07807601704432883
17,0.0897268480017524
18,0.0819974393663157
19,0.07819497930588808
20,0.08044442581639814
21,0.08173901312673851
22,0.06249705493923305
23,0.06639904440851446
24,0.062379673231521715
25,0.05557626447491682
26,0.07145022160502036
27,0.07572531274953422
28,0.07051826337930873
29,0.07011626827006541
30,0.06622934523134852
31,0.0600849933166451
32,0.06185917069635884
33,0.05493595823226127
34,0.07111447330669696
35,0.06035434698246574
36,0.0921159631663183
37,0.06284504968715494
38,0.05966481615270543
39,0.06020906110825979
40,0.06602587450793607
41,0.05692918445604659
42,0.06776699670753578
43,0.10117218421716692
44,0.05968089459256825
45,0.05767577441680521
46,0.05766967961923343
47,0.05990935853438129
48,0.05922323897191865
49,0.05633098462273476
50,0.09495095370846601
51,0.056936382230044595
52,0.09501843994650405
53,0.06808500641591153
54,0.07232042452175397
55,0.06284013746224638
56,0.11261649705239216
57,0.12073640482627918
58,0.11890229148014617
59,0.10799525324429714
60,0.07945400984009617
61,0.10327532147328178
62,0.11939272937952596
63,0.10220476345726756
64,0.11731572243091093
65,0.10274043476101391
66,0.07751628493524325
67,0.06251321297533281
68,0.10113238609869461
69,0.119059175663164
70,0.06469486623374805
71,0.0640072684554564
72,0.06817399500881562
73,0.08278299737050421
74,0.09389277859274218
75,0.10449255261220296
76,0.11151587440059485
77,0.11646091570058062
78,0.12045346294572302
79,0.12350228309297695
80,0.12496728594661577
81,0.12543153668404078
82,0.12354770980249036
83,0.1228979429785294
84,0.11995028964843207
85,0.11673684174139465
86,0.11524123982009614
87,0.11435652764645662
88,0.11329655592995604
89,0.11227542717708447
90,0.11028311062457849
91,0.1097262326091319
92,0.10987755642645462
93,0.10929729985912831
94,0.10819045732995833
95,0.10724342130279119
96,0.10793043916564223
97,0.10633041835236336
98,0.10436516452041858
99,0.10443419719963155
100,0.10489789076339796
101,0.1021510928517849
102,0.09998335756394398
103,0.0971023490259513
104,0.09594907914886062
105,0.09334129037962585
106,0.09521738505530164
107,0.09446468892608029
108,0.09543386407800904
109,0.10809597659670507
110,0.0655220189571856
111,0.06704786744852308
112,0.0699179144475994
113,0.07220521465422214
114,0.07498520419664109
115,0.07497494765296622
116,0.07555611389157192
117,0.07631240322234678
118,0.07605066805349085
119,0.07504946110163739
120,0.07484414829388424
121,0.07565638240834018
122,0.07649384852990754
123,0.07681636111111619
124,0.07608806691396384
125,0.07598281794694106
126,0.07459629698292967
127,0.07470650365842499
128,0.07388118164843716
129,0.07291843104991894
130,0.07084568818542594
131,0.0697677049775939
132,0.0687912638263212
133,0.06827820922475814
134,0.06800000900574565
135,0.0666955062784602
136,0.06604691065627143
137,0.06609159825787034
138,0.06472372555508596
139,0.06378775340485411
140,0.06431540823045104
141,0.0636299368087749
142,0.06367614810976677
143,0.06267648759908821
144,0.06241035189541838
145,0.06181493793039959
146,0.061571100543965245
147,0.06149476775273533
148,0.06107382873909919
149,0.06066722841900406
150,0.06024791544277977
151,0.06011083935187014
152,0.06070298987117417
153,0.061192154230762866
154,0.06090674486686142
155,0.06076707621280559
156,0.060349252823301267
157,0.06101297173050952
158,0.06087594112316386
159,0.0610775583913446
160,0.06081371960765515
161,0.06092376709067659
162,0.06169022199799837
163,0.06198958344514711
164,0.06228826263883631
165,0.06249466705212471
166,0.06237504527888793
167,0.06243176328315648
168,0.0626013373805215
169,0.06488288391630224
170,0.06815631327332293
171,0.06817797482066287
172,0.0672848595585802
173,0.0665839578378278
174,0.06709274835526885
175,0.06740582309695405
176,0.06757058730742942
177,0.06562043401872214
178,0.06436698659199115
179,0.06397083612071776
180,0.06382972336350591
181,0.0614669318115867
182,0.06408464736865757
183,0.06065186634527375
184,0.0671920048627388
185,0.09315531945745023
186,0.10404168541347562
187,0.10870346644795743
188,0.11793318455356336
189,0.0
190,0.07571793304128036
191,0.07649630464236183
192,0.07565564330042568
193,0.07248624622509162
194,0.06593797752056721
195,0.06211472010051504
196,0.0632727657518224
197,0.06329940774941688
198,0.057049693158780765
199,0.062997362771994
200,0.06239529683574485
201,0.05961763832597925
202,0.0605070580484895
203,0.0542080392745117
204,0.055106078132393925
205,0.056294381724631234
206,0.059923344730301586
207,0.058328076949457394
208,0.0670406355618521
209,0.07033040488922841
210,0.09203641241293764
211,0.11182985881355943
212,0.1207806262213474
213,0.0
214,0.07548006537261683
215,0.0779459795349433
216,0.07250687302135125
217,0.08981012840737845
218,0.09218714494392878
219,0.08435394281551631
220,0.08210879450180125
221,0.0851515653350474
222,0.08065396859560037
223,0.09182565294839928
224,0.09170321119419646
225,0.09804293775792594
226,0.07329913985122509
227,0.07210942626850476
228,0.07190500039024898
229,0.07225140321343199
230,0.07257568965363538
231,0.07122606723089332
232,0.08384461786619864
233,0.07518048787853925
234,0.07038753224557268
235,0.06161427581706219
236,0.062483171081331716
237,0.06335930960316317
238,0.06548786080064536
239,0.09208973052079954
240,0.13044659993075583
241,0.1310914886424812
242,0.1265865121947803
243,0.09038605266523679
244,0.08290148205464178
245,0.07475629679007935
246,0.0627933917293779
247,0.059543818501658616
248,0.061446202677308125
249,0.060059556633495804
250,0.08913933680597312
251,0.12350436396602851
252,0.12504623404277385
253,0.1265865121947803
254,0.10151405005484408
255,0.1090273776487581
256,0.09700386573906881
257,0.08278910353896694
258,0.06920298104736276
259,0.07196021743690656
260,0.062428579433678695
261,0.10273625027312881
262,0.11893857599330192
263,0.11893414134581498
264,0.1265865121947803
265,0.07353468785812622
266,0.06478595844148567
267,0.05961294214799952
268,0.06397782921867788
269,0.05691593736804081
270,0.06083077594414329
271,0.05921450612763671
272,0.05534382072125653
273,0.058076314052001546
274,0.05939737279657149
275,0.05945264669768404
276,0.06268991662134989
277,0.06563926421420503
278,0.06816687683105459
279,0.07495390013373987
280,0.07462624790980282
281,0.07762691233370528
282,0.07593653842060326
283,0.07678386310466077
284,0.06979212965144489
285,0.08025801142947384
286,0.070566737487608
287,0.06853732908868586
288,0.06400911053979712
289,0.06222521104828517
290,0.060773876005618864
291,0.06054549166004275
292,0.0581437889191486
293,0.0574551450188857
294,0.05700098026177065
295,0.06162122343145837
296,0.06488118965354442
297,0.06642739203975773
298,0.06575597503934782
299,0.06518663452737393
300,0.06434174321398871
301,0.0647295701930559
302,0.06170576600598455
303,0.05785542312358921
304,0.05753800470154505
305,0.06883321104319103
306,0.0628419681756961
307,0.058174933789575924
308,0.05559582240742322
309,0.05471762575432217
310,0.05487283841636419
311,0.05560448702635919
312,0.05581271078220632
313,0.05683108777945785
314,0.05753800470154505
