TrueLabel,PredLabel,PredProb
1,1,0.95150036
0,0,0.1443448
0,0,0.11854355
0,1,0.9214591
1,1,0.948963
0,1,0.67237574
0,1,0.5364349
1,1,0.86580336
1,1,0.45796293
0,0,0.09496249
1,1,0.5375362
0,0,0.13720544
1,0,0.15004198
0,0,0.25225514
0,0,0.25364175
1,1,0.9030664
1,1,0.9003174
0,0,0.0057203146
1,1,0.6160742
0,0,0.34341043
0,1,0.35141423
1,1,0.88887024
0,0,0.3335417
1,1,0.9563578
0,1,0.9711964
0,0,0.040507626
1,1,0.9933594
1,1,0.8799763
1,1,0.951922
0,1,0.9737691
0,1,0.74340475
0,0,0.25054353
0,0,0.026295664
1,0,0.029757768
0,0,0.039494004
1,0,0.033654056
0,1,0.36664718
1,0,0.34665537
1,0,0.115284264
1,1,0.99728656
0,1,0.84721243
0,0,0.22165106
0,0,0.28712478
1,0,0.31967977
0,0,0.16506827
0,0,0.1682732
0,0,0.07530378
1,1,0.92738825
1,1,0.96103704
1,1,0.8476866
1,1,0.6446985
0,1,0.9898706
0,1,0.94905084
1,1,0.9477618
0,0,0.2951294
1,1,0.74975646
0,0,0.012896808
0,0,0.21279971
0,0,0.06063789
1,1,0.9197781
1,0,0.10971542
1,0,0.2449395
0,1,0.94102836
1,1,0.9583194
1,0,0.103313565
1,1,0.98033303
1,0,0.2517579
0,0,0.03132283
0,0,0.038156226
0,0,0.22933213
0,0,0.031407833
1,0,0.32655126
1,0,0.17672344
1,0,0.093569964
1,0,0.0014780577
0,0,0.022934671
0,0,0.033679932
0,0,0.19390883
0,0,0.005544117
0,0,0.07183181
1,0,0.103606366
0,1,0.365952
1,1,0.5867617
1,1,0.89958227
1,1,0.5615032
0,1,0.76009685
