true_label,predicted_label,predicted_probability
0,0,0.008432811126112938
1,0,0.008789671584963799
0,0,0.004986308980733156
0,1,0.5313049554824829
1,0,0.0537618063390255
0,1,0.9452728033065796
0,0,0.01392922643572092
0,0,0.013262126594781876
0,0,0.008120305836200714
0,0,0.011783438734710217
0,0,0.015968605875968933
0,1,0.7290752530097961
0,0,0.10375716537237167
1,1,0.9403002858161926
0,1,0.9162071943283081
0,0,0.013113346882164478
0,1,0.7580118775367737
1,1,0.8182154297828674
0,0,0.10501693934202194
1,0,0.009674692526459694
0,0,0.020408280193805695
0,0,0.02951182797551155
0,0,0.019724706187844276
0,0,0.011088081635534763
1,0,0.3114606440067291
0,0,0.045497823506593704
0,0,0.005917427595704794
0,0,0.05241141840815544
1,0,0.22026392817497253
0,0,0.01920458860695362
1,1,0.9526531100273132
0,0,0.013148999772965908
0,0,0.017729058861732483
0,0,0.025079596787691116
0,0,0.012315981090068817
0,0,0.017568107694387436
1,0,0.010294245555996895
0,0,0.014404003508388996
0,0,0.010443232953548431
0,0,0.007027756422758102
1,1,0.9023087024688721
0,1,0.9806861877441406
0,0,0.04287903010845184
0,1,0.9301180243492126
1,1,0.96604984998703
0,0,0.010087895207107067
1,1,0.9791170954704285
0,1,0.9190240502357483
1,0,0.011840695515275002
0,0,0.004322920460253954
0,0,0.3329494595527649
1,0,0.1300441175699234
0,0,0.007276942487806082
0,1,0.6901328563690186
1,1,0.9866253137588501
0,1,0.9921303391456604
0,0,0.04130911827087402
1,0,0.05322948470711708
0,0,0.2711929380893707
0,1,0.8770560026168823
0,1,0.5639044642448425
0,0,0.04046284034848213
0,0,0.026112234219908714
0,0,0.047886770218610764
1,1,0.9787135720252991
1,0,0.01545752864331007
0,0,0.033328086137771606
0,0,0.024039259180426598
0,0,0.07667664438486099
0,1,0.7050877213478088
0,0,0.013934493064880371
0,0,0.07256434112787247
0,0,0.004799624904990196
0,0,0.028769349679350853
1,1,0.8211581110954285
0,0,0.005342592019587755
1,0,0.007342113647609949
0,0,0.010377035476267338
0,0,0.026027195155620575
0,0,0.006306575611233711
1,1,0.9773271679878235
1,1,0.9658356308937073
0,1,0.9378244280815125
0,0,0.007939804345369339
0,0,0.014509695582091808
0,0,0.019424578174948692
